ctime,relname,pid,mode,granted
1440226737.35427,pg_locks,25343,AccessShareLock,t
1440226737.35427,pg_stat_all_tables,25360,AccessShareLock,t
1440226737.35427,pg_stat_database,25359,AccessShareLock,t
1440226737.35427,pg_statio_all_tables,25360,AccessShareLock,t
1440226797.34949,lineitem,25382,RowExclusiveLock,t
1440226797.34949,orders,25382,RowExclusiveLock,t
1440226797.34949,pg_locks,25416,AccessShareLock,t
1440226857.34903,nation,25496,AccessShareLock,t
1440226857.34903,part,25496,AccessShareLock,t
1440226857.34903,part_p_container_p_brand_p_partkey_idx,25496,AccessShareLock,t
1440226857.34903,part_p_name_idx,25496,AccessShareLock,t
1440226857.34903,part_p_size_idx,25496,AccessShareLock,t
1440226857.34903,part_p_type_p_partkey_idx,25496,AccessShareLock,t
1440226857.34903,partsupp,25496,AccessShareLock,t
1440226857.34903,partsupp_ps_suppkey_idx,25496,AccessShareLock,t
1440226857.34903,pg_locks,25523,AccessShareLock,t
1440226857.34903,pk_nation,25496,AccessShareLock,t
1440226857.34903,pk_part,25496,AccessShareLock,t
1440226857.34903,pk_partsupp,25496,AccessShareLock,t
1440226857.34903,pk_region,25496,AccessShareLock,t
1440226857.34903,pk_supplier,25496,AccessShareLock,t
1440226857.34903,region,25496,AccessShareLock,t
1440226857.34903,supplier,25496,AccessShareLock,t
1440226857.34903,supplier_s_nationkey_s_suppkey_idx,25496,AccessShareLock,t
1440226857.34903,supplier_s_suppkey_idx_like,25496,AccessShareLock,t
1440226917.35982,lineitem,25608,AccessShareLock,t
1440226917.35982,lineitem_l_orderkey_idx,25608,AccessShareLock,t
1440226917.35982,lineitem_l_orderkey_idx_l_returnflag,25608,AccessShareLock,t
1440226917.35982,lineitem_l_orderkey_idx_part1,25608,AccessShareLock,t
1440226917.35982,lineitem_l_orderkey_idx_part2,25608,AccessShareLock,t
1440226917.35982,lineitem_l_orderkey_l_linenumber_l_shipdate_idx,25608,AccessShareLock,t
1440226917.35982,lineitem_l_partkey_l_quantity_l_shipmode_idx,25608,AccessShareLock,t
1440226917.35982,lineitem_l_shipdate_l_suppkey__idx,25608,AccessShareLock,t
1440226917.35982,nation,25608,AccessShareLock,t
1440226917.35982,orders,25608,AccessShareLock,t
1440226917.35982,orders_o_orderdate_o_orderkey_idx,25608,AccessShareLock,t
1440226917.35982,orders_o_orderkey_o_orderdate_idx,25608,AccessShareLock,t
1440226917.35982,part,25608,AccessShareLock,t
1440226917.35982,part_p_container_p_brand_p_partkey_idx,25608,AccessShareLock,t
1440226917.35982,part_p_name_idx,25608,AccessShareLock,t
1440226917.35982,part_p_size_idx,25608,AccessShareLock,t
1440226917.35982,part_p_type_p_partkey_idx,25608,AccessShareLock,t
1440226917.35982,partsupp,25608,AccessShareLock,t
1440226917.35982,partsupp_ps_suppkey_idx,25608,AccessShareLock,t
1440226917.35982,pg_locks,25631,AccessShareLock,t
1440226917.35982,pk_lineitem,25608,AccessShareLock,t
1440226917.35982,pk_nation,25608,AccessShareLock,t
1440226917.35982,pk_orders,25608,AccessShareLock,t
1440226917.35982,pk_part,25608,AccessShareLock,t
1440226917.35982,pk_partsupp,25608,AccessShareLock,t
1440226917.35982,pk_supplier,25608,AccessShareLock,t
1440226917.35982,supplier,25608,AccessShareLock,t
1440226917.35982,supplier_s_nationkey_s_suppkey_idx,25608,AccessShareLock,t
1440226917.35982,supplier_s_suppkey_idx_like,25608,AccessShareLock,t
1440226977.36425,lineitem,25608,AccessShareLock,t
1440226977.36425,lineitem_l_orderkey_idx,25608,AccessShareLock,t
1440226977.36425,lineitem_l_orderkey_idx_l_returnflag,25608,AccessShareLock,t
1440226977.36425,lineitem_l_orderkey_idx_part1,25608,AccessShareLock,t
1440226977.36425,lineitem_l_orderkey_idx_part2,25608,AccessShareLock,t
1440226977.36425,lineitem_l_orderkey_l_linenumber_l_shipdate_idx,25608,AccessShareLock,t
1440226977.36425,lineitem_l_partkey_l_quantity_l_shipmode_idx,25608,AccessShareLock,t
1440226977.36425,lineitem_l_shipdate_l_suppkey__idx,25608,AccessShareLock,t
1440226977.36425,nation,25608,AccessShareLock,t
1440226977.36425,orders,25608,AccessShareLock,t
1440226977.36425,orders_o_orderdate_o_orderkey_idx,25608,AccessShareLock,t
1440226977.36425,orders_o_orderkey_o_orderdate_idx,25608,AccessShareLock,t
1440226977.36425,part,25608,AccessShareLock,t
1440226977.36425,part_p_container_p_brand_p_partkey_idx,25608,AccessShareLock,t
1440226977.36425,part_p_name_idx,25608,AccessShareLock,t
1440226977.36425,part_p_size_idx,25608,AccessShareLock,t
1440226977.36425,part_p_type_p_partkey_idx,25608,AccessShareLock,t
1440226977.36425,partsupp,25608,AccessShareLock,t
1440226977.36425,partsupp_ps_suppkey_idx,25608,AccessShareLock,t
1440226977.36425,pg_locks,25707,AccessShareLock,t
1440226977.36425,pk_lineitem,25608,AccessShareLock,t
1440226977.36425,pk_nation,25608,AccessShareLock,t
1440226977.36425,pk_orders,25608,AccessShareLock,t
1440226977.36425,pk_part,25608,AccessShareLock,t
1440226977.36425,pk_partsupp,25608,AccessShareLock,t
1440226977.36425,pk_supplier,25608,AccessShareLock,t
1440226977.36425,supplier,25608,AccessShareLock,t
1440226977.36425,supplier_s_nationkey_s_suppkey_idx,25608,AccessShareLock,t
1440226977.36425,supplier_s_suppkey_idx_like,25608,AccessShareLock,t
1440227037.3697,lineitem,25608,AccessShareLock,t
1440227037.3697,lineitem_l_orderkey_idx,25608,AccessShareLock,t
1440227037.3697,lineitem_l_orderkey_idx_l_returnflag,25608,AccessShareLock,t
1440227037.3697,lineitem_l_orderkey_idx_part1,25608,AccessShareLock,t
1440227037.3697,lineitem_l_orderkey_idx_part2,25608,AccessShareLock,t
1440227037.3697,lineitem_l_orderkey_l_linenumber_l_shipdate_idx,25608,AccessShareLock,t
1440227037.3697,lineitem_l_partkey_l_quantity_l_shipmode_idx,25608,AccessShareLock,t
1440227037.3697,lineitem_l_shipdate_l_suppkey__idx,25608,AccessShareLock,t
1440227037.3697,nation,25608,AccessShareLock,t
1440227037.3697,orders,25608,AccessShareLock,t
1440227037.3697,orders_o_orderdate_o_orderkey_idx,25608,AccessShareLock,t
1440227037.3697,orders_o_orderkey_o_orderdate_idx,25608,AccessShareLock,t
1440227037.3697,part,25608,AccessShareLock,t
1440227037.3697,part_p_container_p_brand_p_partkey_idx,25608,AccessShareLock,t
1440227037.3697,part_p_name_idx,25608,AccessShareLock,t
1440227037.3697,part_p_size_idx,25608,AccessShareLock,t
1440227037.3697,part_p_type_p_partkey_idx,25608,AccessShareLock,t
1440227037.3697,partsupp,25608,AccessShareLock,t
1440227037.3697,partsupp_ps_suppkey_idx,25608,AccessShareLock,t
1440227037.3697,pg_locks,25781,AccessShareLock,t
1440227037.3697,pk_lineitem,25608,AccessShareLock,t
1440227037.3697,pk_nation,25608,AccessShareLock,t
1440227037.3697,pk_orders,25608,AccessShareLock,t
1440227037.3697,pk_part,25608,AccessShareLock,t
1440227037.3697,pk_partsupp,25608,AccessShareLock,t
1440227037.3697,pk_supplier,25608,AccessShareLock,t
1440227037.3697,supplier,25608,AccessShareLock,t
1440227037.3697,supplier_s_nationkey_s_suppkey_idx,25608,AccessShareLock,t
1440227037.3697,supplier_s_suppkey_idx_like,25608,AccessShareLock,t
1440227097.39827,lineitem,25608,AccessShareLock,t
1440227097.39827,lineitem_l_orderkey_idx,25608,AccessShareLock,t
1440227097.39827,lineitem_l_orderkey_idx_l_returnflag,25608,AccessShareLock,t
1440227097.39827,lineitem_l_orderkey_idx_part1,25608,AccessShareLock,t
1440227097.39827,lineitem_l_orderkey_idx_part2,25608,AccessShareLock,t
1440227097.39827,lineitem_l_orderkey_l_linenumber_l_shipdate_idx,25608,AccessShareLock,t
1440227097.39827,lineitem_l_partkey_l_quantity_l_shipmode_idx,25608,AccessShareLock,t
1440227097.39827,lineitem_l_shipdate_l_suppkey__idx,25608,AccessShareLock,t
1440227097.39827,nation,25608,AccessShareLock,t
1440227097.39827,orders,25608,AccessShareLock,t
1440227097.39827,orders_o_orderdate_o_orderkey_idx,25608,AccessShareLock,t
1440227097.39827,orders_o_orderkey_o_orderdate_idx,25608,AccessShareLock,t
1440227097.39827,part,25608,AccessShareLock,t
1440227097.39827,part_p_container_p_brand_p_partkey_idx,25608,AccessShareLock,t
1440227097.39827,part_p_name_idx,25608,AccessShareLock,t
1440227097.39827,part_p_size_idx,25608,AccessShareLock,t
1440227097.39827,part_p_type_p_partkey_idx,25608,AccessShareLock,t
1440227097.39827,partsupp,25608,AccessShareLock,t
1440227097.39827,partsupp_ps_suppkey_idx,25608,AccessShareLock,t
1440227097.39827,pg_locks,25857,AccessShareLock,t
1440227097.39827,pg_stat_activity,25859,AccessShareLock,t
1440227097.39827,pg_stat_database,25885,AccessShareLock,t
1440227097.39827,pk_lineitem,25608,AccessShareLock,t
1440227097.39827,pk_nation,25608,AccessShareLock,t
1440227097.39827,pk_orders,25608,AccessShareLock,t
1440227097.39827,pk_part,25608,AccessShareLock,t
1440227097.39827,pk_partsupp,25608,AccessShareLock,t
1440227097.39827,pk_supplier,25608,AccessShareLock,t
1440227097.39827,supplier,25608,AccessShareLock,t
1440227097.39827,supplier_s_nationkey_s_suppkey_idx,25608,AccessShareLock,t
1440227097.39827,supplier_s_suppkey_idx_like,25608,AccessShareLock,t
1440227157.40219,lineitem,25608,AccessShareLock,t
1440227157.40219,lineitem_l_orderkey_idx,25608,AccessShareLock,t
1440227157.40219,lineitem_l_orderkey_idx_l_returnflag,25608,AccessShareLock,t
1440227157.40219,lineitem_l_orderkey_idx_part1,25608,AccessShareLock,t
1440227157.40219,lineitem_l_orderkey_idx_part2,25608,AccessShareLock,t
1440227157.40219,lineitem_l_orderkey_l_linenumber_l_shipdate_idx,25608,AccessShareLock,t
1440227157.40219,lineitem_l_partkey_l_quantity_l_shipmode_idx,25608,AccessShareLock,t
1440227157.40219,lineitem_l_shipdate_l_suppkey__idx,25608,AccessShareLock,t
1440227157.40219,nation,25608,AccessShareLock,t
1440227157.40219,orders,25608,AccessShareLock,t
1440227157.40219,orders_o_orderdate_o_orderkey_idx,25608,AccessShareLock,t
1440227157.40219,orders_o_orderkey_o_orderdate_idx,25608,AccessShareLock,t
1440227157.40219,part,25608,AccessShareLock,t
1440227157.40219,part_p_container_p_brand_p_partkey_idx,25608,AccessShareLock,t
1440227157.40219,part_p_name_idx,25608,AccessShareLock,t
1440227157.40219,part_p_size_idx,25608,AccessShareLock,t
1440227157.40219,part_p_type_p_partkey_idx,25608,AccessShareLock,t
1440227157.40219,partsupp,25608,AccessShareLock,t
1440227157.40219,partsupp_ps_suppkey_idx,25608,AccessShareLock,t
1440227157.40219,pg_locks,25958,AccessShareLock,t
1440227157.40219,pg_stat_activity,25968,AccessShareLock,t
1440227157.40219,pk_lineitem,25608,AccessShareLock,t
1440227157.40219,pk_nation,25608,AccessShareLock,t
1440227157.40219,pk_orders,25608,AccessShareLock,t
1440227157.40219,pk_part,25608,AccessShareLock,t
1440227157.40219,pk_partsupp,25608,AccessShareLock,t
1440227157.40219,pk_supplier,25608,AccessShareLock,t
1440227157.40219,supplier,25608,AccessShareLock,t
1440227157.40219,supplier_s_nationkey_s_suppkey_idx,25608,AccessShareLock,t
1440227157.40219,supplier_s_suppkey_idx_like,25608,AccessShareLock,t
1440227217.40822,lineitem,25608,AccessShareLock,t
1440227217.40822,lineitem_l_orderkey_idx,25608,AccessShareLock,t
1440227217.40822,lineitem_l_orderkey_idx_l_returnflag,25608,AccessShareLock,t
1440227217.40822,lineitem_l_orderkey_idx_part1,25608,AccessShareLock,t
1440227217.40822,lineitem_l_orderkey_idx_part2,25608,AccessShareLock,t
1440227217.40822,lineitem_l_orderkey_l_linenumber_l_shipdate_idx,25608,AccessShareLock,t
1440227217.40822,lineitem_l_partkey_l_quantity_l_shipmode_idx,25608,AccessShareLock,t
1440227217.40822,lineitem_l_shipdate_l_suppkey__idx,25608,AccessShareLock,t
1440227217.40822,nation,25608,AccessShareLock,t
1440227217.40822,orders,25608,AccessShareLock,t
1440227217.40822,orders_o_orderdate_o_orderkey_idx,25608,AccessShareLock,t
1440227217.40822,orders_o_orderkey_o_orderdate_idx,25608,AccessShareLock,t
1440227217.40822,part,25608,AccessShareLock,t
1440227217.40822,part_p_container_p_brand_p_partkey_idx,25608,AccessShareLock,t
1440227217.40822,part_p_name_idx,25608,AccessShareLock,t
1440227217.40822,part_p_size_idx,25608,AccessShareLock,t
1440227217.40822,part_p_type_p_partkey_idx,25608,AccessShareLock,t
1440227217.40822,partsupp,25608,AccessShareLock,t
1440227217.40822,partsupp_ps_suppkey_idx,25608,AccessShareLock,t
1440227217.40822,pg_locks,26023,AccessShareLock,t
1440227217.40822,pk_lineitem,25608,AccessShareLock,t
1440227217.40822,pk_nation,25608,AccessShareLock,t
1440227217.40822,pk_orders,25608,AccessShareLock,t
1440227217.40822,pk_part,25608,AccessShareLock,t
1440227217.40822,pk_partsupp,25608,AccessShareLock,t
1440227217.40822,pk_supplier,25608,AccessShareLock,t
1440227217.40822,supplier,25608,AccessShareLock,t
1440227217.40822,supplier_s_nationkey_s_suppkey_idx,25608,AccessShareLock,t
1440227217.40822,supplier_s_suppkey_idx_like,25608,AccessShareLock,t
1440227277.41699,lineitem,25608,AccessShareLock,t
1440227277.41699,lineitem_l_orderkey_idx,25608,AccessShareLock,t
1440227277.41699,lineitem_l_orderkey_idx_l_returnflag,25608,AccessShareLock,t
1440227277.41699,lineitem_l_orderkey_idx_part1,25608,AccessShareLock,t
1440227277.41699,lineitem_l_orderkey_idx_part2,25608,AccessShareLock,t
1440227277.41699,lineitem_l_orderkey_l_linenumber_l_shipdate_idx,25608,AccessShareLock,t
1440227277.41699,lineitem_l_partkey_l_quantity_l_shipmode_idx,25608,AccessShareLock,t
1440227277.41699,lineitem_l_shipdate_l_suppkey__idx,25608,AccessShareLock,t
1440227277.41699,nation,25608,AccessShareLock,t
1440227277.41699,orders,25608,AccessShareLock,t
1440227277.41699,orders_o_orderdate_o_orderkey_idx,25608,AccessShareLock,t
1440227277.41699,orders_o_orderkey_o_orderdate_idx,25608,AccessShareLock,t
1440227277.41699,part,25608,AccessShareLock,t
1440227277.41699,part_p_container_p_brand_p_partkey_idx,25608,AccessShareLock,t
1440227277.41699,part_p_name_idx,25608,AccessShareLock,t
1440227277.41699,part_p_size_idx,25608,AccessShareLock,t
1440227277.41699,part_p_type_p_partkey_idx,25608,AccessShareLock,t
1440227277.41699,partsupp,25608,AccessShareLock,t
1440227277.41699,partsupp_ps_suppkey_idx,25608,AccessShareLock,t
1440227277.41699,pg_index,26106,AccessShareLock,t
1440227277.41699,pg_index_indexrelid_index,26106,AccessShareLock,t
1440227277.41699,pg_index_indrelid_index,26106,AccessShareLock,t
1440227277.41699,pg_locks,26097,AccessShareLock,t
1440227277.41699,pg_namespace,26106,AccessShareLock,t
1440227277.41699,pg_namespace_nspname_index,26106,AccessShareLock,t
1440227277.41699,pg_namespace_oid_index,26106,AccessShareLock,t
1440227277.41699,pg_stat_all_indexes,26106,AccessShareLock,t
1440227277.41699,pg_statio_all_indexes,26106,AccessShareLock,t
1440227277.41699,pk_lineitem,25608,AccessShareLock,t
1440227277.41699,pk_nation,25608,AccessShareLock,t
1440227277.41699,pk_orders,25608,AccessShareLock,t
1440227277.41699,pk_part,25608,AccessShareLock,t
1440227277.41699,pk_partsupp,25608,AccessShareLock,t
1440227277.41699,pk_supplier,25608,AccessShareLock,t
1440227277.41699,supplier,25608,AccessShareLock,t
1440227277.41699,supplier_s_nationkey_s_suppkey_idx,25608,AccessShareLock,t
1440227277.41699,supplier_s_suppkey_idx_like,25608,AccessShareLock,t
1440227337.43233,lineitem,25608,AccessShareLock,t
1440227337.43233,lineitem_l_orderkey_idx,25608,AccessShareLock,t
1440227337.43233,lineitem_l_orderkey_idx_l_returnflag,25608,AccessShareLock,t
1440227337.43233,lineitem_l_orderkey_idx_part1,25608,AccessShareLock,t
1440227337.43233,lineitem_l_orderkey_idx_part2,25608,AccessShareLock,t
1440227337.43233,lineitem_l_orderkey_l_linenumber_l_shipdate_idx,25608,AccessShareLock,t
1440227337.43233,lineitem_l_partkey_l_quantity_l_shipmode_idx,25608,AccessShareLock,t
1440227337.43233,lineitem_l_shipdate_l_suppkey__idx,25608,AccessShareLock,t
1440227337.43233,nation,25608,AccessShareLock,t
1440227337.43233,orders,25608,AccessShareLock,t
1440227337.43233,orders_o_orderdate_o_orderkey_idx,25608,AccessShareLock,t
1440227337.43233,orders_o_orderkey_o_orderdate_idx,25608,AccessShareLock,t
1440227337.43233,part,25608,AccessShareLock,t
1440227337.43233,part_p_container_p_brand_p_partkey_idx,25608,AccessShareLock,t
1440227337.43233,part_p_name_idx,25608,AccessShareLock,t
1440227337.43233,part_p_size_idx,25608,AccessShareLock,t
1440227337.43233,part_p_type_p_partkey_idx,25608,AccessShareLock,t
1440227337.43233,partsupp,25608,AccessShareLock,t
1440227337.43233,partsupp_ps_suppkey_idx,25608,AccessShareLock,t
1440227337.43233,pg_index,26169,AccessShareLock,t
1440227337.43233,pg_index_indexrelid_index,26169,AccessShareLock,t
1440227337.43233,pg_index_indrelid_index,26169,AccessShareLock,t
1440227337.43233,pg_locks,26171,AccessShareLock,t
1440227337.43233,pg_namespace,26169,AccessShareLock,t
1440227337.43233,pg_namespace_nspname_index,26169,AccessShareLock,t
1440227337.43233,pg_namespace_oid_index,26169,AccessShareLock,t
1440227337.43233,pg_rewrite,26172,AccessShareLock,t
1440227337.43233,pg_rewrite_rel_rulename_index,26172,AccessShareLock,t
1440227337.43233,pg_stat_all_indexes,26172,AccessShareLock,t
1440227337.43233,pg_stat_all_tables,26169,AccessShareLock,t
1440227337.43233,pg_statio_all_tables,26169,AccessShareLock,t
1440227337.43233,pk_lineitem,25608,AccessShareLock,t
1440227337.43233,pk_nation,25608,AccessShareLock,t
1440227337.43233,pk_orders,25608,AccessShareLock,t
1440227337.43233,pk_part,25608,AccessShareLock,t
1440227337.43233,pk_partsupp,25608,AccessShareLock,t
1440227337.43233,pk_supplier,25608,AccessShareLock,t
1440227337.43233,supplier,25608,AccessShareLock,t
1440227337.43233,supplier_s_nationkey_s_suppkey_idx,25608,AccessShareLock,t
1440227337.43233,supplier_s_suppkey_idx_like,25608,AccessShareLock,t
1440227397.43501,lineitem,25608,AccessShareLock,t
1440227397.43501,lineitem_l_orderkey_idx,25608,AccessShareLock,t
1440227397.43501,lineitem_l_orderkey_idx_l_returnflag,25608,AccessShareLock,t
1440227397.43501,lineitem_l_orderkey_idx_part1,25608,AccessShareLock,t
1440227397.43501,lineitem_l_orderkey_idx_part2,25608,AccessShareLock,t
1440227397.43501,lineitem_l_orderkey_l_linenumber_l_shipdate_idx,25608,AccessShareLock,t
1440227397.43501,lineitem_l_partkey_l_quantity_l_shipmode_idx,25608,AccessShareLock,t
1440227397.43501,lineitem_l_shipdate_l_suppkey__idx,25608,AccessShareLock,t
1440227397.43501,nation,25608,AccessShareLock,t
1440227397.43501,orders,25608,AccessShareLock,t
1440227397.43501,orders_o_orderdate_o_orderkey_idx,25608,AccessShareLock,t
1440227397.43501,orders_o_orderkey_o_orderdate_idx,25608,AccessShareLock,t
1440227397.43501,part,25608,AccessShareLock,t
1440227397.43501,part_p_container_p_brand_p_partkey_idx,25608,AccessShareLock,t
1440227397.43501,part_p_name_idx,25608,AccessShareLock,t
1440227397.43501,part_p_size_idx,25608,AccessShareLock,t
1440227397.43501,part_p_type_p_partkey_idx,25608,AccessShareLock,t
1440227397.43501,partsupp,25608,AccessShareLock,t
1440227397.43501,partsupp_ps_suppkey_idx,25608,AccessShareLock,t
1440227397.43501,pg_index,26243,AccessShareLock,t
1440227397.43501,pg_locks,26242,AccessShareLock,t
1440227397.43501,pg_namespace,26243,AccessShareLock,t
1440227397.43501,pg_stat_all_indexes,26243,AccessShareLock,t
1440227397.43501,pg_statio_all_indexes,26243,AccessShareLock,t
1440227397.43501,pk_lineitem,25608,AccessShareLock,t
1440227397.43501,pk_nation,25608,AccessShareLock,t
1440227397.43501,pk_orders,25608,AccessShareLock,t
1440227397.43501,pk_part,25608,AccessShareLock,t
1440227397.43501,pk_partsupp,25608,AccessShareLock,t
1440227397.43501,pk_supplier,25608,AccessShareLock,t
1440227397.43501,supplier,25608,AccessShareLock,t
1440227397.43501,supplier_s_nationkey_s_suppkey_idx,25608,AccessShareLock,t
1440227397.43501,supplier_s_suppkey_idx_like,25608,AccessShareLock,t
1440227457.44681,lineitem,25608,AccessShareLock,t
1440227457.44681,lineitem_l_orderkey_idx,25608,AccessShareLock,t
1440227457.44681,lineitem_l_orderkey_idx_l_returnflag,25608,AccessShareLock,t
1440227457.44681,lineitem_l_orderkey_idx_part1,25608,AccessShareLock,t
1440227457.44681,lineitem_l_orderkey_idx_part2,25608,AccessShareLock,t
1440227457.44681,lineitem_l_orderkey_l_linenumber_l_shipdate_idx,25608,AccessShareLock,t
1440227457.44681,lineitem_l_partkey_l_quantity_l_shipmode_idx,25608,AccessShareLock,t
1440227457.44681,lineitem_l_shipdate_l_suppkey__idx,25608,AccessShareLock,t
1440227457.44681,nation,25608,AccessShareLock,t
1440227457.44681,orders,25608,AccessShareLock,t
1440227457.44681,orders_o_orderdate_o_orderkey_idx,25608,AccessShareLock,t
1440227457.44681,orders_o_orderkey_o_orderdate_idx,25608,AccessShareLock,t
1440227457.44681,part,25608,AccessShareLock,t
1440227457.44681,part_p_container_p_brand_p_partkey_idx,25608,AccessShareLock,t
1440227457.44681,part_p_name_idx,25608,AccessShareLock,t
1440227457.44681,part_p_size_idx,25608,AccessShareLock,t
1440227457.44681,part_p_type_p_partkey_idx,25608,AccessShareLock,t
1440227457.44681,partsupp,25608,AccessShareLock,t
1440227457.44681,partsupp_ps_suppkey_idx,25608,AccessShareLock,t
1440227457.44681,pg_locks,26322,AccessShareLock,t
1440227457.44681,pg_stat_database,26329,AccessShareLock,t
1440227457.44681,pk_lineitem,25608,AccessShareLock,t
1440227457.44681,pk_nation,25608,AccessShareLock,t
1440227457.44681,pk_orders,25608,AccessShareLock,t
1440227457.44681,pk_part,25608,AccessShareLock,t
1440227457.44681,pk_partsupp,25608,AccessShareLock,t
1440227457.44681,pk_supplier,25608,AccessShareLock,t
1440227457.44681,supplier,25608,AccessShareLock,t
1440227457.44681,supplier_s_nationkey_s_suppkey_idx,25608,AccessShareLock,t
1440227457.44681,supplier_s_suppkey_idx_like,25608,AccessShareLock,t
1440227517.46073,lineitem,25608,AccessShareLock,t
1440227517.46073,lineitem_l_orderkey_idx,25608,AccessShareLock,t
1440227517.46073,lineitem_l_orderkey_idx_l_returnflag,25608,AccessShareLock,t
1440227517.46073,lineitem_l_orderkey_idx_part1,25608,AccessShareLock,t
1440227517.46073,lineitem_l_orderkey_idx_part2,25608,AccessShareLock,t
1440227517.46073,lineitem_l_orderkey_l_linenumber_l_shipdate_idx,25608,AccessShareLock,t
1440227517.46073,lineitem_l_partkey_l_quantity_l_shipmode_idx,25608,AccessShareLock,t
1440227517.46073,lineitem_l_shipdate_l_suppkey__idx,25608,AccessShareLock,t
1440227517.46073,nation,25608,AccessShareLock,t
1440227517.46073,orders,25608,AccessShareLock,t
1440227517.46073,orders_o_orderdate_o_orderkey_idx,25608,AccessShareLock,t
1440227517.46073,orders_o_orderkey_o_orderdate_idx,25608,AccessShareLock,t
1440227517.46073,part,25608,AccessShareLock,t
1440227517.46073,part_p_container_p_brand_p_partkey_idx,25608,AccessShareLock,t
1440227517.46073,part_p_name_idx,25608,AccessShareLock,t
1440227517.46073,part_p_size_idx,25608,AccessShareLock,t
1440227517.46073,part_p_type_p_partkey_idx,25608,AccessShareLock,t
1440227517.46073,partsupp,25608,AccessShareLock,t
1440227517.46073,partsupp_ps_suppkey_idx,25608,AccessShareLock,t
1440227517.46073,pg_cast,26410,AccessShareLock,t
1440227517.46073,pg_locks,26394,AccessShareLock,t
1440227517.46073,pg_stat_database,26410,AccessShareLock,t
1440227517.46073,pk_lineitem,25608,AccessShareLock,t
1440227517.46073,pk_nation,25608,AccessShareLock,t
1440227517.46073,pk_orders,25608,AccessShareLock,t
1440227517.46073,pk_part,25608,AccessShareLock,t
1440227517.46073,pk_partsupp,25608,AccessShareLock,t
1440227517.46073,pk_supplier,25608,AccessShareLock,t
1440227517.46073,supplier,25608,AccessShareLock,t
1440227517.46073,supplier_s_nationkey_s_suppkey_idx,25608,AccessShareLock,t
1440227517.46073,supplier_s_suppkey_idx_like,25608,AccessShareLock,t
1440227577.47137,lineitem,25608,AccessShareLock,t
1440227577.47137,lineitem_l_orderkey_idx,25608,AccessShareLock,t
1440227577.47137,lineitem_l_orderkey_idx_l_returnflag,25608,AccessShareLock,t
1440227577.47137,lineitem_l_orderkey_idx_part1,25608,AccessShareLock,t
1440227577.47137,lineitem_l_orderkey_idx_part2,25608,AccessShareLock,t
1440227577.47137,lineitem_l_orderkey_l_linenumber_l_shipdate_idx,25608,AccessShareLock,t
1440227577.47137,lineitem_l_partkey_l_quantity_l_shipmode_idx,25608,AccessShareLock,t
1440227577.47137,lineitem_l_shipdate_l_suppkey__idx,25608,AccessShareLock,t
1440227577.47137,nation,25608,AccessShareLock,t
1440227577.47137,orders,25608,AccessShareLock,t
1440227577.47137,orders_o_orderdate_o_orderkey_idx,25608,AccessShareLock,t
1440227577.47137,orders_o_orderkey_o_orderdate_idx,25608,AccessShareLock,t
1440227577.47137,part,25608,AccessShareLock,t
1440227577.47137,part_p_container_p_brand_p_partkey_idx,25608,AccessShareLock,t
1440227577.47137,part_p_name_idx,25608,AccessShareLock,t
1440227577.47137,part_p_size_idx,25608,AccessShareLock,t
1440227577.47137,part_p_type_p_partkey_idx,25608,AccessShareLock,t
1440227577.47137,partsupp,25608,AccessShareLock,t
1440227577.47137,partsupp_ps_suppkey_idx,25608,AccessShareLock,t
1440227577.47137,pg_index,26470,AccessShareLock,t
1440227577.47137,pg_index_indexrelid_index,26470,AccessShareLock,t
1440227577.47137,pg_index_indrelid_index,26470,AccessShareLock,t
1440227577.47137,pg_locks,26468,AccessShareLock,t
1440227577.47137,pg_namespace,26470,AccessShareLock,t
1440227577.47137,pg_namespace_nspname_index,26470,AccessShareLock,t
1440227577.47137,pg_namespace_oid_index,26470,AccessShareLock,t
1440227577.47137,pg_opclass,26479,AccessShareLock,t
1440227577.47137,pg_opclass_oid_index,26479,AccessShareLock,t
1440227577.47137,pg_stat_all_tables,26470,AccessShareLock,t
1440227577.47137,pg_statio_all_tables,26470,AccessShareLock,t
1440227577.47137,pk_lineitem,25608,AccessShareLock,t
1440227577.47137,pk_nation,25608,AccessShareLock,t
1440227577.47137,pk_orders,25608,AccessShareLock,t
1440227577.47137,pk_part,25608,AccessShareLock,t
1440227577.47137,pk_partsupp,25608,AccessShareLock,t
1440227577.47137,pk_supplier,25608,AccessShareLock,t
1440227577.47137,supplier,25608,AccessShareLock,t
1440227577.47137,supplier_s_nationkey_s_suppkey_idx,25608,AccessShareLock,t
1440227577.47137,supplier_s_suppkey_idx_like,25608,AccessShareLock,t
1440227637.48396,lineitem,25608,AccessShareLock,t
1440227637.48396,lineitem_l_orderkey_idx,25608,AccessShareLock,t
1440227637.48396,lineitem_l_orderkey_idx_l_returnflag,25608,AccessShareLock,t
1440227637.48396,lineitem_l_orderkey_idx_part1,25608,AccessShareLock,t
1440227637.48396,lineitem_l_orderkey_idx_part2,25608,AccessShareLock,t
1440227637.48396,lineitem_l_orderkey_l_linenumber_l_shipdate_idx,25608,AccessShareLock,t
1440227637.48396,lineitem_l_partkey_l_quantity_l_shipmode_idx,25608,AccessShareLock,t
1440227637.48396,lineitem_l_shipdate_l_suppkey__idx,25608,AccessShareLock,t
1440227637.48396,nation,25608,AccessShareLock,t
1440227637.48396,orders,25608,AccessShareLock,t
1440227637.48396,orders_o_orderdate_o_orderkey_idx,25608,AccessShareLock,t
1440227637.48396,orders_o_orderkey_o_orderdate_idx,25608,AccessShareLock,t
1440227637.48396,part,25608,AccessShareLock,t
1440227637.48396,part_p_container_p_brand_p_partkey_idx,25608,AccessShareLock,t
1440227637.48396,part_p_name_idx,25608,AccessShareLock,t
1440227637.48396,part_p_size_idx,25608,AccessShareLock,t
1440227637.48396,part_p_type_p_partkey_idx,25608,AccessShareLock,t
1440227637.48396,partsupp,25608,AccessShareLock,t
1440227637.48396,partsupp_ps_suppkey_idx,25608,AccessShareLock,t
1440227637.48396,pg_locks,26547,AccessShareLock,t
1440227637.48396,pg_stat_all_tables,26551,AccessShareLock,t
1440227637.48396,pg_stat_database,26562,AccessShareLock,t
1440227637.48396,pg_statio_all_tables,26551,AccessShareLock,t
1440227637.48396,pk_lineitem,25608,AccessShareLock,t
1440227637.48396,pk_nation,25608,AccessShareLock,t
1440227637.48396,pk_orders,25608,AccessShareLock,t
1440227637.48396,pk_part,25608,AccessShareLock,t
1440227637.48396,pk_partsupp,25608,AccessShareLock,t
1440227637.48396,pk_supplier,25608,AccessShareLock,t
1440227637.48396,supplier,25608,AccessShareLock,t
1440227637.48396,supplier_s_nationkey_s_suppkey_idx,25608,AccessShareLock,t
1440227637.48396,supplier_s_suppkey_idx_like,25608,AccessShareLock,t
1440227697.48287,lineitem,25608,AccessShareLock,t
1440227697.48287,lineitem_l_orderkey_idx,25608,AccessShareLock,t
1440227697.48287,lineitem_l_orderkey_idx_l_returnflag,25608,AccessShareLock,t
1440227697.48287,lineitem_l_orderkey_idx_part1,25608,AccessShareLock,t
1440227697.48287,lineitem_l_orderkey_idx_part2,25608,AccessShareLock,t
1440227697.48287,lineitem_l_orderkey_l_linenumber_l_shipdate_idx,25608,AccessShareLock,t
1440227697.48287,lineitem_l_partkey_l_quantity_l_shipmode_idx,25608,AccessShareLock,t
1440227697.48287,lineitem_l_shipdate_l_suppkey__idx,25608,AccessShareLock,t
1440227697.48287,nation,25608,AccessShareLock,t
1440227697.48287,orders,25608,AccessShareLock,t
1440227697.48287,orders_o_orderdate_o_orderkey_idx,25608,AccessShareLock,t
1440227697.48287,orders_o_orderkey_o_orderdate_idx,25608,AccessShareLock,t
1440227697.48287,part,25608,AccessShareLock,t
1440227697.48287,part_p_container_p_brand_p_partkey_idx,25608,AccessShareLock,t
1440227697.48287,part_p_name_idx,25608,AccessShareLock,t
1440227697.48287,part_p_size_idx,25608,AccessShareLock,t
1440227697.48287,part_p_type_p_partkey_idx,25608,AccessShareLock,t
1440227697.48287,partsupp,25608,AccessShareLock,t
1440227697.48287,partsupp_ps_suppkey_idx,25608,AccessShareLock,t
1440227697.48287,pg_locks,26617,AccessShareLock,t
1440227697.48287,pk_lineitem,25608,AccessShareLock,t
1440227697.48287,pk_nation,25608,AccessShareLock,t
1440227697.48287,pk_orders,25608,AccessShareLock,t
1440227697.48287,pk_part,25608,AccessShareLock,t
1440227697.48287,pk_partsupp,25608,AccessShareLock,t
1440227697.48287,pk_supplier,25608,AccessShareLock,t
1440227697.48287,supplier,25608,AccessShareLock,t
1440227697.48287,supplier_s_nationkey_s_suppkey_idx,25608,AccessShareLock,t
1440227697.48287,supplier_s_suppkey_idx_like,25608,AccessShareLock,t
1440227757.50123,lineitem,25608,AccessShareLock,t
1440227757.50123,lineitem_l_orderkey_idx,25608,AccessShareLock,t
1440227757.50123,lineitem_l_orderkey_idx_l_returnflag,25608,AccessShareLock,t
1440227757.50123,lineitem_l_orderkey_idx_part1,25608,AccessShareLock,t
1440227757.50123,lineitem_l_orderkey_idx_part2,25608,AccessShareLock,t
1440227757.50123,lineitem_l_orderkey_l_linenumber_l_shipdate_idx,25608,AccessShareLock,t
1440227757.50123,lineitem_l_partkey_l_quantity_l_shipmode_idx,25608,AccessShareLock,t
1440227757.50123,lineitem_l_shipdate_l_suppkey__idx,25608,AccessShareLock,t
1440227757.50123,nation,25608,AccessShareLock,t
1440227757.50123,orders,25608,AccessShareLock,t
1440227757.50123,orders_o_orderdate_o_orderkey_idx,25608,AccessShareLock,t
1440227757.50123,orders_o_orderkey_o_orderdate_idx,25608,AccessShareLock,t
1440227757.50123,part,25608,AccessShareLock,t
1440227757.50123,part_p_container_p_brand_p_partkey_idx,25608,AccessShareLock,t
1440227757.50123,part_p_name_idx,25608,AccessShareLock,t
1440227757.50123,part_p_size_idx,25608,AccessShareLock,t
1440227757.50123,part_p_type_p_partkey_idx,25608,AccessShareLock,t
1440227757.50123,partsupp,25608,AccessShareLock,t
1440227757.50123,partsupp_ps_suppkey_idx,25608,AccessShareLock,t
1440227757.50123,pg_index,26697,AccessShareLock,t
1440227757.50123,pg_index_indexrelid_index,26697,AccessShareLock,t
1440227757.50123,pg_index_indrelid_index,26697,AccessShareLock,t
1440227757.50123,pg_locks,26691,AccessShareLock,t
1440227757.50123,pg_namespace,26697,AccessShareLock,t
1440227757.50123,pg_namespace_nspname_index,26697,AccessShareLock,t
1440227757.50123,pg_namespace_oid_index,26697,AccessShareLock,t
1440227757.50123,pg_stat_activity,26700,AccessShareLock,t
1440227757.50123,pg_stat_all_tables,26697,AccessShareLock,t
1440227757.50123,pg_stat_database,26724,AccessShareLock,t
1440227757.50123,pg_statio_all_tables,26697,AccessShareLock,t
1440227757.50123,pk_lineitem,25608,AccessShareLock,t
1440227757.50123,pk_nation,25608,AccessShareLock,t
1440227757.50123,pk_orders,25608,AccessShareLock,t
1440227757.50123,pk_part,25608,AccessShareLock,t
1440227757.50123,pk_partsupp,25608,AccessShareLock,t
1440227757.50123,pk_supplier,25608,AccessShareLock,t
1440227757.50123,supplier,25608,AccessShareLock,t
1440227757.50123,supplier_s_nationkey_s_suppkey_idx,25608,AccessShareLock,t
1440227757.50123,supplier_s_suppkey_idx_like,25608,AccessShareLock,t
1440227817.50891,lineitem,26750,AccessShareLock,t
1440227817.50891,lineitem_l_orderkey_idx,26750,AccessShareLock,t
1440227817.50891,lineitem_l_orderkey_idx_l_returnflag,26750,AccessShareLock,t
1440227817.50891,lineitem_l_orderkey_idx_part1,26750,AccessShareLock,t
1440227817.50891,lineitem_l_orderkey_idx_part2,26750,AccessShareLock,t
1440227817.50891,lineitem_l_orderkey_l_linenumber_l_shipdate_idx,26750,AccessShareLock,t
1440227817.50891,lineitem_l_partkey_l_quantity_l_shipmode_idx,26750,AccessShareLock,t
1440227817.50891,lineitem_l_shipdate_l_suppkey__idx,26750,AccessShareLock,t
1440227817.50891,nation,26750,AccessShareLock,t
1440227817.50891,part,26750,AccessShareLock,t
1440227817.50891,part_p_container_p_brand_p_partkey_idx,26750,AccessShareLock,t
1440227817.50891,part_p_name_idx,26750,AccessShareLock,t
1440227817.50891,part_p_size_idx,26750,AccessShareLock,t
1440227817.50891,part_p_type_p_partkey_idx,26750,AccessShareLock,t
1440227817.50891,partsupp,26750,AccessShareLock,t
1440227817.50891,partsupp_ps_suppkey_idx,26750,AccessShareLock,t
1440227817.50891,pg_index,26786,AccessShareLock,t
1440227817.50891,pg_locks,26784,AccessShareLock,t
1440227817.50891,pg_namespace,26786,AccessShareLock,t
1440227817.50891,pg_namespace,26814,AccessShareLock,t
1440227817.50891,pg_namespace_nspname_index,26814,AccessShareLock,t
1440227817.50891,pg_stat_activity,26814,AccessShareLock,t
1440227817.50891,pg_stat_all_indexes,26786,AccessShareLock,t
1440227817.50891,pg_statio_all_indexes,26786,AccessShareLock,t
1440227817.50891,pk_lineitem,26750,AccessShareLock,t
1440227817.50891,pk_nation,26750,AccessShareLock,t
1440227817.50891,pk_part,26750,AccessShareLock,t
1440227817.50891,pk_partsupp,26750,AccessShareLock,t
1440227817.50891,pk_supplier,26750,AccessShareLock,t
1440227817.50891,supplier,26750,AccessShareLock,t
1440227817.50891,supplier_s_nationkey_s_suppkey_idx,26750,AccessShareLock,t
1440227817.50891,supplier_s_suppkey_idx_like,26750,AccessShareLock,t
1440227877.5163,lineitem,26750,AccessShareLock,t
1440227877.5163,lineitem_l_orderkey_idx,26750,AccessShareLock,t
1440227877.5163,lineitem_l_orderkey_idx_l_returnflag,26750,AccessShareLock,t
1440227877.5163,lineitem_l_orderkey_idx_part1,26750,AccessShareLock,t
1440227877.5163,lineitem_l_orderkey_idx_part2,26750,AccessShareLock,t
1440227877.5163,lineitem_l_orderkey_l_linenumber_l_shipdate_idx,26750,AccessShareLock,t
1440227877.5163,lineitem_l_partkey_l_quantity_l_shipmode_idx,26750,AccessShareLock,t
1440227877.5163,lineitem_l_shipdate_l_suppkey__idx,26750,AccessShareLock,t
1440227877.5163,nation,26750,AccessShareLock,t
1440227877.5163,part,26750,AccessShareLock,t
1440227877.5163,part_p_container_p_brand_p_partkey_idx,26750,AccessShareLock,t
1440227877.5163,part_p_name_idx,26750,AccessShareLock,t
1440227877.5163,part_p_size_idx,26750,AccessShareLock,t
1440227877.5163,part_p_type_p_partkey_idx,26750,AccessShareLock,t
1440227877.5163,partsupp,26750,AccessShareLock,t
1440227877.5163,partsupp_ps_suppkey_idx,26750,AccessShareLock,t
1440227877.5163,pg_locks,26858,AccessShareLock,t
1440227877.5163,pk_lineitem,26750,AccessShareLock,t
1440227877.5163,pk_nation,26750,AccessShareLock,t
1440227877.5163,pk_part,26750,AccessShareLock,t
1440227877.5163,pk_partsupp,26750,AccessShareLock,t
1440227877.5163,pk_supplier,26750,AccessShareLock,t
1440227877.5163,supplier,26750,AccessShareLock,t
1440227877.5163,supplier_s_nationkey_s_suppkey_idx,26750,AccessShareLock,t
1440227877.5163,supplier_s_suppkey_idx_like,26750,AccessShareLock,t
1440227937.53996,lineitem,26750,AccessShareLock,t
1440227937.53996,lineitem_l_orderkey_idx,26750,AccessShareLock,t
1440227937.53996,lineitem_l_orderkey_idx_l_returnflag,26750,AccessShareLock,t
1440227937.53996,lineitem_l_orderkey_idx_part1,26750,AccessShareLock,t
1440227937.53996,lineitem_l_orderkey_idx_part2,26750,AccessShareLock,t
1440227937.53996,lineitem_l_orderkey_l_linenumber_l_shipdate_idx,26750,AccessShareLock,t
1440227937.53996,lineitem_l_partkey_l_quantity_l_shipmode_idx,26750,AccessShareLock,t
1440227937.53996,lineitem_l_shipdate_l_suppkey__idx,26750,AccessShareLock,t
1440227937.53996,nation,26750,AccessShareLock,t
1440227937.53996,part,26750,AccessShareLock,t
1440227937.53996,part_p_container_p_brand_p_partkey_idx,26750,AccessShareLock,t
1440227937.53996,part_p_name_idx,26750,AccessShareLock,t
1440227937.53996,part_p_size_idx,26750,AccessShareLock,t
1440227937.53996,part_p_type_p_partkey_idx,26750,AccessShareLock,t
1440227937.53996,partsupp,26750,AccessShareLock,t
1440227937.53996,partsupp_ps_suppkey_idx,26750,AccessShareLock,t
1440227937.53996,pg_index,26932,AccessShareLock,t
1440227937.53996,pg_locks,26930,AccessShareLock,t
1440227937.53996,pg_namespace,26932,AccessShareLock,t
1440227937.53996,pg_rewrite,26950,AccessShareLock,t
1440227937.53996,pg_rewrite_rel_rulename_index,26950,AccessShareLock,t
1440227937.53996,pg_stat_all_indexes,26932,AccessShareLock,t
1440227937.53996,pg_stat_database,26938,AccessShareLock,t
1440227937.53996,pg_statio_all_indexes,26932,AccessShareLock,t
1440227937.53996,pg_statio_all_tables,26950,AccessShareLock,t
1440227937.53996,pk_lineitem,26750,AccessShareLock,t
1440227937.53996,pk_nation,26750,AccessShareLock,t
1440227937.53996,pk_part,26750,AccessShareLock,t
1440227937.53996,pk_partsupp,26750,AccessShareLock,t
1440227937.53996,pk_supplier,26750,AccessShareLock,t
1440227937.53996,supplier,26750,AccessShareLock,t
1440227937.53996,supplier_s_nationkey_s_suppkey_idx,26750,AccessShareLock,t
1440227937.53996,supplier_s_suppkey_idx_like,26750,AccessShareLock,t
1440227997.53606,lineitem,26750,AccessShareLock,t
1440227997.53606,lineitem_l_orderkey_idx,26750,AccessShareLock,t
1440227997.53606,lineitem_l_orderkey_idx_l_returnflag,26750,AccessShareLock,t
1440227997.53606,lineitem_l_orderkey_idx_part1,26750,AccessShareLock,t
1440227997.53606,lineitem_l_orderkey_idx_part2,26750,AccessShareLock,t
1440227997.53606,lineitem_l_orderkey_l_linenumber_l_shipdate_idx,26750,AccessShareLock,t
1440227997.53606,lineitem_l_partkey_l_quantity_l_shipmode_idx,26750,AccessShareLock,t
1440227997.53606,lineitem_l_shipdate_l_suppkey__idx,26750,AccessShareLock,t
1440227997.53606,nation,26750,AccessShareLock,t
1440227997.53606,part,26750,AccessShareLock,t
1440227997.53606,part_p_container_p_brand_p_partkey_idx,26750,AccessShareLock,t
1440227997.53606,part_p_name_idx,26750,AccessShareLock,t
1440227997.53606,part_p_size_idx,26750,AccessShareLock,t
1440227997.53606,part_p_type_p_partkey_idx,26750,AccessShareLock,t
1440227997.53606,partsupp,26750,AccessShareLock,t
1440227997.53606,partsupp_ps_suppkey_idx,26750,AccessShareLock,t
1440227997.53606,pg_locks,26997,AccessShareLock,t
1440227997.53606,pk_lineitem,26750,AccessShareLock,t
1440227997.53606,pk_nation,26750,AccessShareLock,t
1440227997.53606,pk_part,26750,AccessShareLock,t
1440227997.53606,pk_partsupp,26750,AccessShareLock,t
1440227997.53606,pk_supplier,26750,AccessShareLock,t
1440227997.53606,supplier,26750,AccessShareLock,t
1440227997.53606,supplier_s_nationkey_s_suppkey_idx,26750,AccessShareLock,t
1440227997.53606,supplier_s_suppkey_idx_like,26750,AccessShareLock,t
1440228057.55157,lineitem,27083,AccessShareLock,t
1440228057.55157,lineitem_l_orderkey_idx,27083,AccessShareLock,t
1440228057.55157,lineitem_l_orderkey_idx_l_returnflag,27083,AccessShareLock,t
1440228057.55157,lineitem_l_orderkey_idx_part1,27083,AccessShareLock,t
1440228057.55157,lineitem_l_orderkey_idx_part2,27083,AccessShareLock,t
1440228057.55157,lineitem_l_orderkey_l_linenumber_l_shipdate_idx,27083,AccessShareLock,t
1440228057.55157,lineitem_l_partkey_l_quantity_l_shipmode_idx,27083,AccessShareLock,t
1440228057.55157,lineitem_l_shipdate_l_suppkey__idx,27083,AccessShareLock,t
1440228057.55157,part,27083,AccessShareLock,t
1440228057.55157,part_p_container_p_brand_p_partkey_idx,27083,AccessShareLock,t
1440228057.55157,part_p_name_idx,27083,AccessShareLock,t
1440228057.55157,part_p_size_idx,27083,AccessShareLock,t
1440228057.55157,part_p_type_p_partkey_idx,27083,AccessShareLock,t
1440228057.55157,pg_locks,27111,AccessShareLock,t
1440228057.55157,pk_lineitem,27083,AccessShareLock,t
1440228057.55157,pk_part,27083,AccessShareLock,t
1440228117.57851,customer,27173,AccessShareLock,t
1440228117.57851,customer_c_mktsegment_c_custkey_idx,27173,AccessShareLock,t
1440228117.57851,customer_c_nationkey_c_custkey_idx,27173,AccessShareLock,t
1440228117.57851,customer_c_phone_idx,27173,AccessShareLock,t
1440228117.57851,customer_c_phone_idx_c_acctbal,27173,AccessShareLock,t
1440228117.57851,lineitem,27173,AccessShareLock,t
1440228117.57851,lineitem_l_orderkey_idx,27173,AccessShareLock,t
1440228117.57851,lineitem_l_orderkey_idx_l_returnflag,27173,AccessShareLock,t
1440228117.57851,lineitem_l_orderkey_idx_part1,27173,AccessShareLock,t
1440228117.57851,lineitem_l_orderkey_idx_part2,27173,AccessShareLock,t
1440228117.57851,lineitem_l_orderkey_l_linenumber_l_shipdate_idx,27173,AccessShareLock,t
1440228117.57851,lineitem_l_partkey_l_quantity_l_shipmode_idx,27173,AccessShareLock,t
1440228117.57851,lineitem_l_shipdate_l_suppkey__idx,27173,AccessShareLock,t
1440228117.57851,orders,27173,AccessShareLock,t
1440228117.57851,orders_o_orderdate_o_orderkey_idx,27173,AccessShareLock,t
1440228117.57851,orders_o_orderkey_o_orderdate_idx,27173,AccessShareLock,t
1440228117.57851,pg_index,27211,AccessShareLock,t
1440228117.57851,pg_index_indexrelid_index,27211,AccessShareLock,t
1440228117.57851,pg_index_indrelid_index,27211,AccessShareLock,t
1440228117.57851,pg_locks,27200,AccessShareLock,t
1440228117.57851,pg_namespace,27211,AccessShareLock,t
1440228117.57851,pg_namespace_nspname_index,27211,AccessShareLock,t
1440228117.57851,pg_namespace_oid_index,27211,AccessShareLock,t
1440228117.57851,pg_stat_all_indexes,27211,AccessShareLock,t
1440228117.57851,pg_stat_database,27206,AccessShareLock,t
1440228117.57851,pg_statio_all_indexes,27211,AccessShareLock,t
1440228117.57851,pk_customer,27173,AccessShareLock,t
1440228117.57851,pk_lineitem,27173,AccessShareLock,t
1440228117.57851,pk_orders,27173,AccessShareLock,t
1440228177.57776,customer,27173,AccessShareLock,t
1440228177.57776,customer_c_mktsegment_c_custkey_idx,27173,AccessShareLock,t
1440228177.57776,customer_c_nationkey_c_custkey_idx,27173,AccessShareLock,t
1440228177.57776,customer_c_phone_idx,27173,AccessShareLock,t
1440228177.57776,customer_c_phone_idx_c_acctbal,27173,AccessShareLock,t
1440228177.57776,lineitem,27173,AccessShareLock,t
1440228177.57776,lineitem_l_orderkey_idx,27173,AccessShareLock,t
1440228177.57776,lineitem_l_orderkey_idx_l_returnflag,27173,AccessShareLock,t
1440228177.57776,lineitem_l_orderkey_idx_part1,27173,AccessShareLock,t
1440228177.57776,lineitem_l_orderkey_idx_part2,27173,AccessShareLock,t
1440228177.57776,lineitem_l_orderkey_l_linenumber_l_shipdate_idx,27173,AccessShareLock,t
1440228177.57776,lineitem_l_partkey_l_quantity_l_shipmode_idx,27173,AccessShareLock,t
1440228177.57776,lineitem_l_shipdate_l_suppkey__idx,27173,AccessShareLock,t
1440228177.57776,orders,27173,AccessShareLock,t
1440228177.57776,orders_o_orderdate_o_orderkey_idx,27173,AccessShareLock,t
1440228177.57776,orders_o_orderkey_o_orderdate_idx,27173,AccessShareLock,t
1440228177.57776,pg_locks,27272,AccessShareLock,t
1440228177.57776,pk_customer,27173,AccessShareLock,t
1440228177.57776,pk_lineitem,27173,AccessShareLock,t
1440228177.57776,pk_orders,27173,AccessShareLock,t
1440228237.60134,customer,27173,AccessShareLock,t
1440228237.60134,customer_c_mktsegment_c_custkey_idx,27173,AccessShareLock,t
1440228237.60134,customer_c_nationkey_c_custkey_idx,27173,AccessShareLock,t
1440228237.60134,customer_c_phone_idx,27173,AccessShareLock,t
1440228237.60134,customer_c_phone_idx_c_acctbal,27173,AccessShareLock,t
1440228237.60134,lineitem,27173,AccessShareLock,t
1440228237.60134,lineitem_l_orderkey_idx,27173,AccessShareLock,t
1440228237.60134,lineitem_l_orderkey_idx_l_returnflag,27173,AccessShareLock,t
1440228237.60134,lineitem_l_orderkey_idx_part1,27173,AccessShareLock,t
1440228237.60134,lineitem_l_orderkey_idx_part2,27173,AccessShareLock,t
1440228237.60134,lineitem_l_orderkey_l_linenumber_l_shipdate_idx,27173,AccessShareLock,t
1440228237.60134,lineitem_l_partkey_l_quantity_l_shipmode_idx,27173,AccessShareLock,t
1440228237.60134,lineitem_l_shipdate_l_suppkey__idx,27173,AccessShareLock,t
1440228237.60134,orders,27173,AccessShareLock,t
1440228237.60134,orders_o_orderdate_o_orderkey_idx,27173,AccessShareLock,t
1440228237.60134,orders_o_orderkey_o_orderdate_idx,27173,AccessShareLock,t
1440228237.60134,pg_locks,27345,AccessShareLock,t
1440228237.60134,pg_stat_all_tables,27373,AccessShareLock,t
1440228237.60134,pg_statio_all_tables,27373,AccessShareLock,t
1440228237.60134,pk_customer,27173,AccessShareLock,t
1440228237.60134,pk_lineitem,27173,AccessShareLock,t
1440228237.60134,pk_orders,27173,AccessShareLock,t
1440228297.60476,customer,27173,AccessShareLock,t
1440228297.60476,customer_c_mktsegment_c_custkey_idx,27173,AccessShareLock,t
1440228297.60476,customer_c_nationkey_c_custkey_idx,27173,AccessShareLock,t
1440228297.60476,customer_c_phone_idx,27173,AccessShareLock,t
1440228297.60476,customer_c_phone_idx_c_acctbal,27173,AccessShareLock,t
1440228297.60476,lineitem,27173,AccessShareLock,t
1440228297.60476,lineitem_l_orderkey_idx,27173,AccessShareLock,t
1440228297.60476,lineitem_l_orderkey_idx_l_returnflag,27173,AccessShareLock,t
1440228297.60476,lineitem_l_orderkey_idx_part1,27173,AccessShareLock,t
1440228297.60476,lineitem_l_orderkey_idx_part2,27173,AccessShareLock,t
1440228297.60476,lineitem_l_orderkey_l_linenumber_l_shipdate_idx,27173,AccessShareLock,t
1440228297.60476,lineitem_l_partkey_l_quantity_l_shipmode_idx,27173,AccessShareLock,t
1440228297.60476,lineitem_l_shipdate_l_suppkey__idx,27173,AccessShareLock,t
1440228297.60476,orders,27173,AccessShareLock,t
1440228297.60476,orders_o_orderdate_o_orderkey_idx,27173,AccessShareLock,t
1440228297.60476,orders_o_orderkey_o_orderdate_idx,27173,AccessShareLock,t
1440228297.60476,pg_am,27426,AccessShareLock,t
1440228297.60476,pg_locks,27419,AccessShareLock,t
1440228297.60476,pk_customer,27173,AccessShareLock,t
1440228297.60476,pk_lineitem,27173,AccessShareLock,t
1440228297.60476,pk_orders,27173,AccessShareLock,t
1440228357.62792,customer,27481,AccessShareLock,t
1440228357.62792,customer_c_mktsegment_c_custkey_idx,27481,AccessShareLock,t
1440228357.62792,customer_c_nationkey_c_custkey_idx,27481,AccessShareLock,t
1440228357.62792,customer_c_phone_idx,27481,AccessShareLock,t
1440228357.62792,customer_c_phone_idx_c_acctbal,27481,AccessShareLock,t
1440228357.62792,lineitem,27481,AccessShareLock,t
1440228357.62792,lineitem_l_orderkey_idx,27481,AccessShareLock,t
1440228357.62792,lineitem_l_orderkey_idx_l_returnflag,27481,AccessShareLock,t
1440228357.62792,lineitem_l_orderkey_idx_part1,27481,AccessShareLock,t
1440228357.62792,lineitem_l_orderkey_idx_part2,27481,AccessShareLock,t
1440228357.62792,lineitem_l_orderkey_l_linenumber_l_shipdate_idx,27481,AccessShareLock,t
1440228357.62792,lineitem_l_partkey_l_quantity_l_shipmode_idx,27481,AccessShareLock,t
1440228357.62792,lineitem_l_shipdate_l_suppkey__idx,27481,AccessShareLock,t
1440228357.62792,nation,27481,AccessShareLock,t
1440228357.62792,orders,27481,AccessShareLock,t
1440228357.62792,orders_o_orderdate_o_orderkey_idx,27481,AccessShareLock,t
1440228357.62792,orders_o_orderkey_o_orderdate_idx,27481,AccessShareLock,t
1440228357.62792,part,27481,AccessShareLock,t
1440228357.62792,part_p_container_p_brand_p_partkey_idx,27481,AccessShareLock,t
1440228357.62792,part_p_name_idx,27481,AccessShareLock,t
1440228357.62792,part_p_size_idx,27481,AccessShareLock,t
1440228357.62792,part_p_type_p_partkey_idx,27481,AccessShareLock,t
1440228357.62792,pg_index,27512,AccessShareLock,t
1440228357.62792,pg_index,27519,AccessShareLock,t
1440228357.62792,pg_index_indexrelid_index,27512,AccessShareLock,t
1440228357.62792,pg_index_indexrelid_index,27519,AccessShareLock,t
1440228357.62792,pg_index_indrelid_index,27512,AccessShareLock,t
1440228357.62792,pg_index_indrelid_index,27519,AccessShareLock,t
1440228357.62792,pg_locks,27515,AccessShareLock,t
1440228357.62792,pg_namespace,27519,AccessShareLock,t
1440228357.62792,pg_namespace,27512,AccessShareLock,t
1440228357.62792,pg_namespace_nspname_index,27519,AccessShareLock,t
1440228357.62792,pg_namespace_nspname_index,27512,AccessShareLock,t
1440228357.62792,pg_namespace_oid_index,27512,AccessShareLock,t
1440228357.62792,pg_namespace_oid_index,27519,AccessShareLock,t
1440228357.62792,pg_stat_all_indexes,27519,AccessShareLock,t
1440228357.62792,pg_stat_all_tables,27512,AccessShareLock,t
1440228357.62792,pg_statio_all_indexes,27519,AccessShareLock,t
1440228357.62792,pg_statio_all_tables,27512,AccessShareLock,t
1440228357.62792,pk_customer,27481,AccessShareLock,t
1440228357.62792,pk_lineitem,27481,AccessShareLock,t
1440228357.62792,pk_nation,27481,AccessShareLock,t
1440228357.62792,pk_orders,27481,AccessShareLock,t
1440228357.62792,pk_part,27481,AccessShareLock,t
1440228357.62792,pk_region,27481,AccessShareLock,t
1440228357.62792,pk_supplier,27481,AccessShareLock,t
1440228357.62792,region,27481,AccessShareLock,t
1440228357.62792,supplier,27481,AccessShareLock,t
1440228357.62792,supplier_s_nationkey_s_suppkey_idx,27481,AccessShareLock,t
1440228357.62792,supplier_s_suppkey_idx_like,27481,AccessShareLock,t
1440228417.62442,lineitem,27569,AccessShareLock,t
1440228417.62442,lineitem_l_orderkey_idx,27569,AccessShareLock,t
1440228417.62442,lineitem_l_orderkey_idx_l_returnflag,27569,AccessShareLock,t
1440228417.62442,lineitem_l_orderkey_idx_part1,27569,AccessShareLock,t
1440228417.62442,lineitem_l_orderkey_idx_part2,27569,AccessShareLock,t
1440228417.62442,lineitem_l_orderkey_l_linenumber_l_shipdate_idx,27569,AccessShareLock,t
1440228417.62442,lineitem_l_partkey_l_quantity_l_shipmode_idx,27569,AccessShareLock,t
1440228417.62442,lineitem_l_shipdate_l_suppkey__idx,27569,AccessShareLock,t
1440228417.62442,nation,27569,AccessShareLock,t
1440228417.62442,orders,27569,AccessShareLock,t
1440228417.62442,orders_o_orderdate_o_orderkey_idx,27569,AccessShareLock,t
1440228417.62442,orders_o_orderkey_o_orderdate_idx,27569,AccessShareLock,t
1440228417.62442,pg_locks,27594,AccessShareLock,t
1440228417.62442,pk_lineitem,27569,AccessShareLock,t
1440228417.62442,pk_nation,27569,AccessShareLock,t
1440228417.62442,pk_orders,27569,AccessShareLock,t
1440228417.62442,pk_supplier,27569,AccessShareLock,t
1440228417.62442,supplier,27569,AccessShareLock,t
1440228417.62442,supplier_s_nationkey_s_suppkey_idx,27569,AccessShareLock,t
1440228417.62442,supplier_s_suppkey_idx_like,27569,AccessShareLock,t
1440228477.63445,lineitem,27569,AccessShareLock,t
1440228477.63445,lineitem_l_orderkey_idx,27569,AccessShareLock,t
1440228477.63445,lineitem_l_orderkey_idx_l_returnflag,27569,AccessShareLock,t
1440228477.63445,lineitem_l_orderkey_idx_part1,27569,AccessShareLock,t
1440228477.63445,lineitem_l_orderkey_idx_part2,27569,AccessShareLock,t
1440228477.63445,lineitem_l_orderkey_l_linenumber_l_shipdate_idx,27569,AccessShareLock,t
1440228477.63445,lineitem_l_partkey_l_quantity_l_shipmode_idx,27569,AccessShareLock,t
1440228477.63445,lineitem_l_shipdate_l_suppkey__idx,27569,AccessShareLock,t
1440228477.63445,nation,27569,AccessShareLock,t
1440228477.63445,orders,27569,AccessShareLock,t
1440228477.63445,orders_o_orderdate_o_orderkey_idx,27569,AccessShareLock,t
1440228477.63445,orders_o_orderkey_o_orderdate_idx,27569,AccessShareLock,t
1440228477.63445,pg_locks,27675,AccessShareLock,t
1440228477.63445,pk_lineitem,27569,AccessShareLock,t
1440228477.63445,pk_nation,27569,AccessShareLock,t
1440228477.63445,pk_orders,27569,AccessShareLock,t
1440228477.63445,pk_supplier,27569,AccessShareLock,t
1440228477.63445,supplier,27569,AccessShareLock,t
1440228477.63445,supplier_s_nationkey_s_suppkey_idx,27569,AccessShareLock,t
1440228477.63445,supplier_s_suppkey_idx_like,27569,AccessShareLock,t
1440228537.64721,lineitem,27569,AccessShareLock,t
1440228537.64721,lineitem_l_orderkey_idx,27569,AccessShareLock,t
1440228537.64721,lineitem_l_orderkey_idx_l_returnflag,27569,AccessShareLock,t
1440228537.64721,lineitem_l_orderkey_idx_part1,27569,AccessShareLock,t
1440228537.64721,lineitem_l_orderkey_idx_part2,27569,AccessShareLock,t
1440228537.64721,lineitem_l_orderkey_l_linenumber_l_shipdate_idx,27569,AccessShareLock,t
1440228537.64721,lineitem_l_partkey_l_quantity_l_shipmode_idx,27569,AccessShareLock,t
1440228537.64721,lineitem_l_shipdate_l_suppkey__idx,27569,AccessShareLock,t
1440228537.64721,nation,27569,AccessShareLock,t
1440228537.64721,orders,27569,AccessShareLock,t
1440228537.64721,orders_o_orderdate_o_orderkey_idx,27569,AccessShareLock,t
1440228537.64721,orders_o_orderkey_o_orderdate_idx,27569,AccessShareLock,t
1440228537.64721,pg_locks,27748,AccessShareLock,t
1440228537.64721,pk_lineitem,27569,AccessShareLock,t
1440228537.64721,pk_nation,27569,AccessShareLock,t
1440228537.64721,pk_orders,27569,AccessShareLock,t
1440228537.64721,pk_supplier,27569,AccessShareLock,t
1440228537.64721,supplier,27569,AccessShareLock,t
1440228537.64721,supplier_s_nationkey_s_suppkey_idx,27569,AccessShareLock,t
1440228537.64721,supplier_s_suppkey_idx_like,27569,AccessShareLock,t
1440228597.66228,lineitem,27569,AccessShareLock,t
1440228597.66228,lineitem_l_orderkey_idx,27569,AccessShareLock,t
1440228597.66228,lineitem_l_orderkey_idx_l_returnflag,27569,AccessShareLock,t
1440228597.66228,lineitem_l_orderkey_idx_part1,27569,AccessShareLock,t
1440228597.66228,lineitem_l_orderkey_idx_part2,27569,AccessShareLock,t
1440228597.66228,lineitem_l_orderkey_l_linenumber_l_shipdate_idx,27569,AccessShareLock,t
1440228597.66228,lineitem_l_partkey_l_quantity_l_shipmode_idx,27569,AccessShareLock,t
1440228597.66228,lineitem_l_shipdate_l_suppkey__idx,27569,AccessShareLock,t
1440228597.66228,nation,27569,AccessShareLock,t
1440228597.66228,orders,27569,AccessShareLock,t
1440228597.66228,orders_o_orderdate_o_orderkey_idx,27569,AccessShareLock,t
1440228597.66228,orders_o_orderkey_o_orderdate_idx,27569,AccessShareLock,t
1440228597.66228,pg_cast,27819,AccessShareLock,t
1440228597.66228,pg_cast_source_target_index,27819,AccessShareLock,t
1440228597.66228,pg_locks,27815,AccessShareLock,t
1440228597.66228,pg_stat_all_indexes,27819,AccessShareLock,t
1440228597.66228,pg_stat_database,27816,AccessShareLock,t
1440228597.66228,pg_statio_all_indexes,27819,AccessShareLock,t
1440228597.66228,pk_lineitem,27569,AccessShareLock,t
1440228597.66228,pk_nation,27569,AccessShareLock,t
1440228597.66228,pk_orders,27569,AccessShareLock,t
1440228597.66228,pk_supplier,27569,AccessShareLock,t
1440228597.66228,supplier,27569,AccessShareLock,t
1440228597.66228,supplier_s_nationkey_s_suppkey_idx,27569,AccessShareLock,t
1440228597.66228,supplier_s_suppkey_idx_like,27569,AccessShareLock,t
1440228657.68416,customer,27881,AccessShareLock,t
1440228657.68416,customer_c_mktsegment_c_custkey_idx,27881,AccessShareLock,t
1440228657.68416,customer_c_nationkey_c_custkey_idx,27881,AccessShareLock,t
1440228657.68416,customer_c_phone_idx,27881,AccessShareLock,t
1440228657.68416,customer_c_phone_idx_c_acctbal,27881,AccessShareLock,t
1440228657.68416,orders,27881,AccessShareLock,t
1440228657.68416,orders_o_orderdate_o_orderkey_idx,27881,AccessShareLock,t
1440228657.68416,orders_o_orderkey_o_orderdate_idx,27881,AccessShareLock,t
1440228657.68416,pg_locks,27908,AccessShareLock,t
1440228657.68416,pg_namespace,27924,AccessShareLock,t
1440228657.68416,pg_namespace_nspname_index,27924,AccessShareLock,t
1440228657.68416,pk_customer,27881,AccessShareLock,t
1440228657.68416,pk_orders,27881,AccessShareLock,t
1440228717.6843,customer,27881,AccessShareLock,t
1440228717.6843,customer_c_mktsegment_c_custkey_idx,27881,AccessShareLock,t
1440228717.6843,customer_c_nationkey_c_custkey_idx,27881,AccessShareLock,t
1440228717.6843,customer_c_phone_idx,27881,AccessShareLock,t
1440228717.6843,customer_c_phone_idx_c_acctbal,27881,AccessShareLock,t
1440228717.6843,orders,27881,AccessShareLock,t
1440228717.6843,orders_o_orderdate_o_orderkey_idx,27881,AccessShareLock,t
1440228717.6843,orders_o_orderkey_o_orderdate_idx,27881,AccessShareLock,t
1440228717.6843,pg_locks,27983,AccessShareLock,t
1440228717.6843,pk_customer,27881,AccessShareLock,t
1440228717.6843,pk_orders,27881,AccessShareLock,t
1440228777.71135,customer,28046,AccessShareLock,t
1440228777.71135,customer_c_mktsegment_c_custkey_idx,28046,AccessShareLock,t
1440228777.71135,customer_c_nationkey_c_custkey_idx,28046,AccessShareLock,t
1440228777.71135,customer_c_phone_idx,28046,AccessShareLock,t
1440228777.71135,customer_c_phone_idx_c_acctbal,28046,AccessShareLock,t
1440228777.71135,lineitem,28046,AccessShareLock,t
1440228777.71135,lineitem_l_orderkey_idx,28046,AccessShareLock,t
1440228777.71135,lineitem_l_orderkey_idx_l_returnflag,28046,AccessShareLock,t
1440228777.71135,lineitem_l_orderkey_idx_part1,28046,AccessShareLock,t
1440228777.71135,lineitem_l_orderkey_idx_part2,28046,AccessShareLock,t
1440228777.71135,lineitem_l_orderkey_l_linenumber_l_shipdate_idx,28046,AccessShareLock,t
1440228777.71135,lineitem_l_partkey_l_quantity_l_shipmode_idx,28046,AccessShareLock,t
1440228777.71135,lineitem_l_shipdate_l_suppkey__idx,28046,AccessShareLock,t
1440228777.71135,orders,28046,AccessShareLock,t
1440228777.71135,orders_o_orderdate_o_orderkey_idx,28046,AccessShareLock,t
1440228777.71135,orders_o_orderkey_o_orderdate_idx,28046,AccessShareLock,t
1440228777.71135,pg_index,28084,AccessShareLock,t
1440228777.71135,pg_index_indexrelid_index,28084,AccessShareLock,t
1440228777.71135,pg_index_indrelid_index,28084,AccessShareLock,t
1440228777.71135,pg_locks,28085,AccessShareLock,t
1440228777.71135,pg_namespace,28084,AccessShareLock,t
1440228777.71135,pg_namespace_nspname_index,28084,AccessShareLock,t
1440228777.71135,pg_namespace_oid_index,28084,AccessShareLock,t
1440228777.71135,pg_stat_all_tables,28084,AccessShareLock,t
1440228777.71135,pg_statio_all_tables,28084,AccessShareLock,t
1440228777.71135,pk_customer,28046,AccessShareLock,t
1440228777.71135,pk_lineitem,28046,AccessShareLock,t
1440228777.71135,pk_orders,28046,AccessShareLock,t
1440228837.7179,customer,28130,AccessShareLock,t
1440228837.7179,customer_c_mktsegment_c_custkey_idx,28130,AccessShareLock,t
1440228837.7179,customer_c_nationkey_c_custkey_idx,28130,AccessShareLock,t
1440228837.7179,customer_c_phone_idx,28130,AccessShareLock,t
1440228837.7179,customer_c_phone_idx_c_acctbal,28130,AccessShareLock,t
1440228837.7179,orders,28130,AccessShareLock,t
1440228837.7179,orders_o_orderdate_o_orderkey_idx,28130,AccessShareLock,t
1440228837.7179,orders_o_orderkey_o_orderdate_idx,28130,AccessShareLock,t
1440228837.7179,pg_locks,28161,AccessShareLock,t
1440228837.7179,pk_customer,28130,AccessShareLock,t
1440228837.7179,pk_orders,28130,AccessShareLock,t
1440228897.71886,part,28218,AccessShareLock,t
1440228897.71886,part_p_container_p_brand_p_partkey_idx,28218,AccessShareLock,t
1440228897.71886,part_p_name_idx,28218,AccessShareLock,t
1440228897.71886,part_p_size_idx,28218,AccessShareLock,t
1440228897.71886,part_p_type_p_partkey_idx,28218,AccessShareLock,t
1440228897.71886,partsupp,28218,AccessShareLock,t
1440228897.71886,partsupp_ps_suppkey_idx,28218,AccessShareLock,t
1440228897.71886,pg_locks,28248,AccessShareLock,t
1440228897.71886,pk_part,28218,AccessShareLock,t
1440228897.71886,pk_partsupp,28218,AccessShareLock,t
1440228897.71886,pk_supplier,28218,AccessShareLock,t
1440228897.71886,supplier,28218,AccessShareLock,t
1440228897.71886,supplier_s_nationkey_s_suppkey_idx,28218,AccessShareLock,t
1440228897.71886,supplier_s_suppkey_idx_like,28218,AccessShareLock,t
1440228957.74489,lineitem,28310,AccessShareLock,t
1440228957.74489,lineitem_l_orderkey_idx,28310,AccessShareLock,t
1440228957.74489,lineitem_l_orderkey_idx_l_returnflag,28310,AccessShareLock,t
1440228957.74489,lineitem_l_orderkey_idx_part1,28310,AccessShareLock,t
1440228957.74489,lineitem_l_orderkey_idx_part2,28310,AccessShareLock,t
1440228957.74489,lineitem_l_orderkey_l_linenumber_l_shipdate_idx,28310,AccessShareLock,t
1440228957.74489,lineitem_l_partkey_l_quantity_l_shipmode_idx,28310,AccessShareLock,t
1440228957.74489,lineitem_l_shipdate_l_suppkey__idx,28310,AccessShareLock,t
1440228957.74489,orders,28310,AccessShareLock,t
1440228957.74489,orders_o_orderdate_o_orderkey_idx,28310,AccessShareLock,t
1440228957.74489,orders_o_orderkey_o_orderdate_idx,28310,AccessShareLock,t
1440228957.74489,pg_locks,28347,AccessShareLock,t
1440228957.74489,pg_stat_all_tables,28352,AccessShareLock,t
1440228957.74489,pg_stat_database,28340,AccessShareLock,t
1440228957.74489,pg_statio_all_tables,28352,AccessShareLock,t
1440228957.74489,pk_lineitem,28310,AccessShareLock,t
1440228957.74489,pk_orders,28310,AccessShareLock,t
1440229017.74899,lineitem,28413,AccessShareLock,t
1440229017.74899,lineitem_l_orderkey_idx,28413,AccessShareLock,t
1440229017.74899,lineitem_l_orderkey_idx_l_returnflag,28413,AccessShareLock,t
1440229017.74899,lineitem_l_orderkey_idx_part1,28413,AccessShareLock,t
1440229017.74899,lineitem_l_orderkey_idx_part2,28413,AccessShareLock,t
1440229017.74899,lineitem_l_orderkey_l_linenumber_l_shipdate_idx,28413,AccessShareLock,t
1440229017.74899,lineitem_l_partkey_l_quantity_l_shipmode_idx,28413,AccessShareLock,t
1440229017.74899,lineitem_l_shipdate_l_suppkey__idx,28413,AccessShareLock,t
1440229017.74899,pg_locks,28434,AccessShareLock,t
1440229017.74899,pk_lineitem,28413,AccessShareLock,t
1440229017.74899,pk_supplier,28413,AccessShareLock,t
1440229017.74899,supplier,28413,AccessShareLock,t
1440229017.74899,supplier_s_nationkey_s_suppkey_idx,28413,AccessShareLock,t
1440229017.74899,supplier_s_suppkey_idx_like,28413,AccessShareLock,t
1440229077.77342,lineitem,28497,AccessShareLock,t
1440229077.77342,lineitem_l_orderkey_idx,28497,AccessShareLock,t
1440229077.77342,lineitem_l_orderkey_idx_l_returnflag,28497,AccessShareLock,t
1440229077.77342,lineitem_l_orderkey_idx_part1,28497,AccessShareLock,t
1440229077.77342,lineitem_l_orderkey_idx_part2,28497,AccessShareLock,t
1440229077.77342,lineitem_l_orderkey_l_linenumber_l_shipdate_idx,28497,AccessShareLock,t
1440229077.77342,lineitem_l_partkey_l_quantity_l_shipmode_idx,28497,AccessShareLock,t
1440229077.77342,lineitem_l_shipdate_l_suppkey__idx,28497,AccessShareLock,t
1440229077.77342,pg_index,28560,AccessShareLock,t
1440229077.77342,pg_index_indexrelid_index,28560,AccessShareLock,t
1440229077.77342,pg_index_indrelid_index,28560,AccessShareLock,t
1440229077.77342,pg_locks,28528,AccessShareLock,t
1440229077.77342,pg_namespace,28560,AccessShareLock,t
1440229077.77342,pg_namespace_nspname_index,28560,AccessShareLock,t
1440229077.77342,pg_namespace_oid_index,28560,AccessShareLock,t
1440229077.77342,pg_rewrite,28562,AccessShareLock,t
1440229077.77342,pg_rewrite_rel_rulename_index,28562,AccessShareLock,t
1440229077.77342,pg_stat_all_indexes,28560,AccessShareLock,t
1440229077.77342,pg_stat_database,28531,AccessShareLock,t
1440229077.77342,pg_statio_all_indexes,28560,AccessShareLock,t
1440229077.77342,pg_statio_all_tables,28562,AccessShareLock,t
1440229077.77342,pg_toast_2618,28562,AccessShareLock,t
1440229077.77342,pg_toast_2618_index,28562,AccessShareLock,t
1440229077.77342,pk_lineitem,28497,AccessShareLock,t
1440229137.76837,customer,28590,AccessShareLock,t
1440229137.76837,customer_c_mktsegment_c_custkey_idx,28590,AccessShareLock,t
1440229137.76837,customer_c_nationkey_c_custkey_idx,28590,AccessShareLock,t
1440229137.76837,customer_c_phone_idx,28590,AccessShareLock,t
1440229137.76837,customer_c_phone_idx_c_acctbal,28590,AccessShareLock,t
1440229137.76837,lineitem,28590,AccessShareLock,t
1440229137.76837,lineitem_l_orderkey_idx,28590,AccessShareLock,t
1440229137.76837,lineitem_l_orderkey_idx_l_returnflag,28590,AccessShareLock,t
1440229137.76837,lineitem_l_orderkey_idx_part1,28590,AccessShareLock,t
1440229137.76837,lineitem_l_orderkey_idx_part2,28590,AccessShareLock,t
1440229137.76837,lineitem_l_orderkey_l_linenumber_l_shipdate_idx,28590,AccessShareLock,t
1440229137.76837,lineitem_l_partkey_l_quantity_l_shipmode_idx,28590,AccessShareLock,t
1440229137.76837,lineitem_l_shipdate_l_suppkey__idx,28590,AccessShareLock,t
1440229137.76837,nation,28590,AccessShareLock,t
1440229137.76837,orders,28590,AccessShareLock,t
1440229137.76837,orders_o_orderdate_o_orderkey_idx,28590,AccessShareLock,t
1440229137.76837,orders_o_orderkey_o_orderdate_idx,28590,AccessShareLock,t
1440229137.76837,pg_locks,28621,AccessShareLock,t
1440229137.76837,pk_customer,28590,AccessShareLock,t
1440229137.76837,pk_lineitem,28590,AccessShareLock,t
1440229137.76837,pk_nation,28590,AccessShareLock,t
1440229137.76837,pk_orders,28590,AccessShareLock,t
1440229197.78669,customer,28590,AccessShareLock,t
1440229197.78669,customer_c_mktsegment_c_custkey_idx,28590,AccessShareLock,t
1440229197.78669,customer_c_nationkey_c_custkey_idx,28590,AccessShareLock,t
1440229197.78669,customer_c_phone_idx,28590,AccessShareLock,t
1440229197.78669,customer_c_phone_idx_c_acctbal,28590,AccessShareLock,t
1440229197.78669,lineitem,28590,AccessShareLock,t
1440229197.78669,lineitem_l_orderkey_idx,28590,AccessShareLock,t
1440229197.78669,lineitem_l_orderkey_idx_l_returnflag,28590,AccessShareLock,t
1440229197.78669,lineitem_l_orderkey_idx_part1,28590,AccessShareLock,t
1440229197.78669,lineitem_l_orderkey_idx_part2,28590,AccessShareLock,t
1440229197.78669,lineitem_l_orderkey_l_linenumber_l_shipdate_idx,28590,AccessShareLock,t
1440229197.78669,lineitem_l_partkey_l_quantity_l_shipmode_idx,28590,AccessShareLock,t
1440229197.78669,lineitem_l_shipdate_l_suppkey__idx,28590,AccessShareLock,t
1440229197.78669,nation,28590,AccessShareLock,t
1440229197.78669,orders,28590,AccessShareLock,t
1440229197.78669,orders_o_orderdate_o_orderkey_idx,28590,AccessShareLock,t
1440229197.78669,orders_o_orderkey_o_orderdate_idx,28590,AccessShareLock,t
1440229197.78669,pg_locks,28727,AccessShareLock,t
1440229197.78669,pg_stat_database,28747,AccessShareLock,t
1440229197.78669,pk_customer,28590,AccessShareLock,t
1440229197.78669,pk_lineitem,28590,AccessShareLock,t
1440229197.78669,pk_nation,28590,AccessShareLock,t
1440229197.78669,pk_orders,28590,AccessShareLock,t
1440229257.80327,customer,28805,AccessShareLock,t
1440229257.80327,customer_c_mktsegment_c_custkey_idx,28805,AccessShareLock,t
1440229257.80327,customer_c_nationkey_c_custkey_idx,28805,AccessShareLock,t
1440229257.80327,customer_c_phone_idx,28805,AccessShareLock,t
1440229257.80327,customer_c_phone_idx_c_acctbal,28805,AccessShareLock,t
1440229257.80327,lineitem,28805,AccessShareLock,t
1440229257.80327,lineitem_l_orderkey_idx,28805,AccessShareLock,t
1440229257.80327,lineitem_l_orderkey_idx_l_returnflag,28805,AccessShareLock,t
1440229257.80327,lineitem_l_orderkey_idx_part1,28805,AccessShareLock,t
1440229257.80327,lineitem_l_orderkey_idx_part2,28805,AccessShareLock,t
1440229257.80327,lineitem_l_orderkey_l_linenumber_l_shipdate_idx,28805,AccessShareLock,t
1440229257.80327,lineitem_l_partkey_l_quantity_l_shipmode_idx,28805,AccessShareLock,t
1440229257.80327,lineitem_l_shipdate_l_suppkey__idx,28805,AccessShareLock,t
1440229257.80327,nation,28805,AccessShareLock,t
1440229257.80327,orders,28805,AccessShareLock,t
1440229257.80327,orders_o_orderdate_o_orderkey_idx,28805,AccessShareLock,t
1440229257.80327,orders_o_orderkey_o_orderdate_idx,28805,AccessShareLock,t
1440229257.80327,pg_index,28874,AccessShareLock,t
1440229257.80327,pg_index,28875,AccessShareLock,t
1440229257.80327,pg_index_indexrelid_index,28874,AccessShareLock,t
1440229257.80327,pg_index_indrelid_index,28874,AccessShareLock,t
1440229257.80327,pg_locks,28838,AccessShareLock,t
1440229257.80327,pg_namespace,28874,AccessShareLock,t
1440229257.80327,pg_namespace,28875,AccessShareLock,t
1440229257.80327,pg_namespace_nspname_index,28874,AccessShareLock,t
1440229257.80327,pg_namespace_oid_index,28874,AccessShareLock,t
1440229257.80327,pg_stat_all_indexes,28875,AccessShareLock,t
1440229257.80327,pg_stat_all_tables,28874,AccessShareLock,t
1440229257.80327,pg_stat_database,28843,AccessShareLock,t
1440229257.80327,pg_statio_all_indexes,28875,AccessShareLock,t
1440229257.80327,pg_statio_all_tables,28874,AccessShareLock,t
1440229257.80327,pk_customer,28805,AccessShareLock,t
1440229257.80327,pk_lineitem,28805,AccessShareLock,t
1440229257.80327,pk_nation,28805,AccessShareLock,t
1440229257.80327,pk_orders,28805,AccessShareLock,t
1440229257.80327,pk_region,28805,AccessShareLock,t
1440229257.80327,pk_supplier,28805,AccessShareLock,t
1440229257.80327,region,28805,AccessShareLock,t
1440229257.80327,supplier,28805,AccessShareLock,t
1440229257.80327,supplier_s_nationkey_s_suppkey_idx,28805,AccessShareLock,t
1440229257.80327,supplier_s_suppkey_idx_like,28805,AccessShareLock,t
1440229317.8089,pg_index,28962,AccessShareLock,t
1440229317.8089,pg_index_indexrelid_index,28962,AccessShareLock,t
1440229317.8089,pg_index_indrelid_index,28962,AccessShareLock,t
1440229317.8089,pg_locks,28959,AccessShareLock,t
1440229317.8089,pg_namespace,28962,AccessShareLock,t
1440229317.8089,pg_namespace_nspname_index,28962,AccessShareLock,t
1440229317.8089,pg_namespace_oid_index,28962,AccessShareLock,t
1440229317.8089,pg_stat_all_tables,28962,AccessShareLock,t
1440229317.8089,pg_statio_all_tables,28962,AccessShareLock,t
